{"pi": 3.14106, "e": 2.71828}